id,type,huml,humw,ulnal,ulnaw,feml,femw,tibl,tibw,tarl,tarw
0,SW,80.78,6.68,72.01,4.88,41.81,3.7,5.5,4.03,38.7,3.84
1,SW,88.91,6.63,80.53,5.59,47.04,4.3,80.22,4.51,41.5,4.01
2,SW,79.97,6.37,69.26,5.28,43.07,3.9,75.35,4.04,38.31,3.34
3,SW,77.65,5.7,65.76,4.77,40.04,3.52,69.17,3.4,35.78,3.41
4,SW,62.8,4.84,52.09,3.73,33.95,2.72,56.27,2.96,31.88,3.13
5,SW,61.92,4.78,50.46,3.47,49.52,4.41,56.95,2.73,29.07,2.83
6,SW,79.73,5.94,67.39,4.5,42.07,3.41,71.26,3.56,37.22,3.64
7,SW,86.98,5.68,74.52,4.55,44.46,3.78,76.02,3.81,37.94,3.81
8,SW,118.2,7.82,116.64,6.13,59.33,5.45,110,5.58,61.62,4.37
9,SW,145,10.42,144,7.05,70.96,7.44,120,7.31,78.67,6.34
10,SW,165,11.45,156,8.68,80.25,7.85,143,8.25,86.61,6.63
11,SW,186,9.83,152,8.76,56.02,7.02,185,8.07,90.8,4.59
12,SW,172,8.44,142,8.43,52.18,6.68,180,9.62,82.58,5.5
13,SW,148.91,6.78,121.35,6.5,44.29,6.33,155,6.68,73.71,4.24
14,SW,149.19,6.98,121.48,6.21,43.33,5.39,155,6.61,75.65,3.36
15,SW,140.59,6.59,115.97,5.81,39.75,5.61,166,7.83,74.86,3.52
16,SW,135.23,6.22,108.78,5.83,37.99,5.13,157,7.18,72.44,3.53
17,SW,124.53,6.01,100.37,5.82,34.54,5.43,145,7.12,65.92,3.28
18,SW,127.03,6.18,102.53,5.64,36.52,4.89,150,6.78,67.27,3.06
19,SW,106.02,4.47,95.79,4.33,41.96,4.8,129.59,6.94,70.29,3.35
20,SW,113.84,4.8,100.71,4.39,43.95,5.08,133.27,7.41,70.91,2.69
21,SW,108.62,5.04,97.7,4.66,45.08,5.78,128,7.14,65.48,4.25
22,SW,110.33,5.86,97.1,4.6,43.82,5.73,126,7.86,64.17,3.84
23,SW,63.62,3.42,59,2.75,30.16,2.92,74.66,4.38,39.26,1.97
24,SW,70.73,3.69,65.19,2.93,32.52,3.54,80.42,4.36,43.7,2.28
25,SW,71.65,3.37,66.11,2.77,36.98,3.06,77.11,3.94,38.04,2.83
26,SW,47.51,7.23,32.49,8.26,50.29,5,75.2,4.95,22.51,10.73
27,SW,46.2,7.06,32.73,8.58,52.15,5.11,75.99,4.77,23.24,10.24
28,SW,41.13,6.71,31,7.73,49.51,4.69,71.94,4.54,22.46,9.45
29,SW,72.5,14.78,45.83,10.33,77.02,7.76,128.75,6.49,32.48,13.82
30,SW,75.05,12.55,44.05,8.62,75.31,6.76,112.6,7.22,34.31,14.09
31,SW,175,10.69,228,8.65,47.13,6.16,64.53,4.41,18.42,3.65
32,SW,188,11.35,250,9.64,52.49,7.6,69.06,5.13,19.52,6.51
33,SW,210,13.03,278,10.74,56.87,8.03,76.66,5.2,22.54,7.16
34,SW,185,10.91,235,8.02,51,6.71,68.67,4.24,20.14,6.3
35,SW,179,11.16,222,8.57,47.51,6.39,65.18,4.51,19.67,6.64
36,SW,183,11.37,280,9.22,52.34,7.24,68.09,4.61,20.08,6.41
37,SW,185,12.47,242,9.8,52.39,7.5,68.01,4.66,19.44,7.21
38,SW,272,14.86,320,10.42,91.6,9.71,132,10.23,81.77,8.91
39,SW,270,14.25,310,10.9,86.2,9.96,125.76,9.63,79.18,10.05
40,SW,100.62,6.6,110,5.8,36.11,2.93,55.1,3.19,28.81,4.82
41,SW,100.05,6.36,107.8,5.83,36.79,3.19,54.97,3.38,27.78,5.07
42,SW,147,8.44,155,5.9,58.41,6.87,108.97,7.63,63.4,6.7
43,SW,156,8.38,167,6.02,59.3,6.89,112,7.73,66.32,6.91
44,SW,127.39,6.81,131,4.83,49.69,5.04,87.93,6.1,52.88,5.1
45,SW,108.84,6.98,116,4.51,48.81,5.31,87.72,7.11,47.46,4.93
46,SW,132,8.27,142,5.68,55.95,6.45,117.14,7.9,61.71,6.02
47,SW,177,9.21,193,7.48,58.5,7.02,90.71,6.69,55.77,8.79
48,SW,182,9.14,196,7.41,60.48,6.76,91,6.55,57.24,8.23
49,SW,150,8.05,167,6.66,52.98,5.9,78.22,5.62,46.05,7.97
50,SW,171,8.39,187,6.68,58.67,6.7,87.57,6.34,50.44,8.41
51,SW,161,8.22,181,6.72,49.83,5.36,69.04,5.18,37.31,7.44
52,SW,175,9.12,201,7.24,55.21,6.08,74.38,5.43,39.62,7.87
53,SW,22.63,2.48,27.24,2.03,21.04,2.02,37.69,1.82,21.91,1.72
54,SW,24.11,2.33,28.05,1.89,22.08,2.05,40.13,1.68,23.73,1.77
55,SW,28.98,2.74,36.37,2.29,28.41,2.49,50.89,2.19,32.07,2.03
56,SW,310,14.4,315,9.51,88.77,8.1,180,9.45,96.13,7.69
57,SW,250,11.91,252,8.31,73.04,7.37,160,8.47,82.46,7.04
58,SW,420,17.84,422,11.72,110.54,9.99,237,11.03,128.35,8.93
59,SW,250,11.28,247.5,7.5,69.04,6.2,156,7.19,83.36,6.13
60,SW,300,12.48,300,8.65,84.05,8.53,178,9.61,99.01,7.55
61,SW,23.67,1.92,20.75,1.82,16.16,1.68,45.36,1.58,31.63,1.83
62,SW,30.11,2.54,28.72,2.34,20.66,2.17,57.89,2.38,34.75,2.52
63,SW,36.5,2.46,34.42,2.25,17.8,1.59,42.5,1.48,25.53,1.31
64,SW,83.45,4.43,81.59,4,38.16,3.24,79.1,3.1,44.31,2.82
65,SW,86.23,4.53,83.31,3.7,38.9,3.16,83.26,3.64,46.04,2.76
66,SW,34.38,1.88,35.11,1.71,14.35,1.17,37.47,1.29,25.45,1.13
67,SW,32.47,1.94,31.74,1.78,14.37,1.23,33.29,1.17,20.79,1.09
68,SW,38.34,2.37,36.96,2.01,15.12,1.3,35.46,1.27,22.96,1.2
69,SW,41.21,2.5,43.1,2.43,18.2,1.44,44.69,1.58,30.82,1.36
70,SW,26.63,1.63,27.19,1.72,12.21,1.02,31.56,1.07,21.62,0.83
71,SW,26.81,1.66,26.48,1.51,12.54,0.97,31.55,1.01,21.17,0.88
72,SW,45.26,3.29,36.73,3.1,25.21,2.1,49.09,2.38,27.53,2.03
73,SW,43.45,3.2,34.19,3.22,23.83,2.18,48.1,2.09,26.24,1.92
74,SW,99.45,4.92,93.55,4.07,41.05,3.42,86.62,3.61,46.44,2.99
75,SW,106.94,5.72,104.57,4.37,44.99,3.62,93.84,4.13,51.17,3.33
76,SW,109.25,5.97,104.78,4.8,48.42,4.05,94.23,4.36,52.01,3.48
77,SW,107.25,6.13,105.17,4.81,45.45,4.34,92.31,4.53,48.26,3.22
78,SW,53.12,3,52.74,2.8,22.79,1.95,52.24,2.14,30.91,1.73
79,SW,54.19,3.16,54.28,3.21,23.08,1.98,53.7,2.04,31.29,1.56
80,SW,64.72,4.04,61.4,3.13,32.83,2.48,64.58,2.65,31.12,2.14
81,SW,69.12,4.35,65.47,3.65,36.4,2.81,67.5,2.63,33.16,2.23
82,SW,143,6.94,143.86,5.47,47.68,4.44,108.1,5.31,63.04,3.82
83,SW,154.3,7.46,154.66,6.09,51.08,5.27,112.75,5.36,65.16,4.07
84,SW,90.49,4.7,97.02,4.11,29.97,2.53,58.83,2.67,34.32,2.75
85,SW,89.59,5.11,98.02,4.46,29.96,2.55,58.09,2.79,34.4,2.94
86,SW,89,4.8,93.9,3.96,31.97,2.77,62.66,2.73,36.49,3.23
87,SW,89.48,4.76,92.4,4.09,28.69,2.58,57.8,2.69,31.94,2.66
88,SW,80.7,5.23,85.96,4.25,32.8,2.98,70.57,2.88,39.77,2.38
89,SW,80.97,5.25,86.64,3.99,32.47,2.76,70.28,3.04,39.08,2.38
90,SW,75.94,5.25,80.66,4.26,30.94,2.85,68.23,2.97,37.38,2.47
91,SW,107.84,4.02,70.21,3.29,26.52,1.97,52.41,2.56,30.71,1.9
92,SW,69.37,4.07,67.08,3.61,28.5,2.26,53.42,2.03,31.08,1.99
93,SW,102.8,5.82,106.74,4.71,70.72,3.05,70.74,3.09,40.27,3
94,SW,100.28,5.6,109.44,4.88,37.94,2.94,72.52,3.39,40.43,2.89
95,SW,72.17,3.94,74.39,3.56,24.29,1.83,50.64,2.32,28.4,2.2
96,SW,103.14,5.92,103.65,4.78,38.8,3.41,75.54,3.47,42.89,3.12
97,SW,107.41,5.69,110.5,5.32,40.62,3.15,81.86,3.71,44.62,2.95
98,SW,68.06,3.76,69.61,3.2,25.01,2.05,51.08,2.58,27.19,2
99,SW,65.71,3.81,68.64,3.36,24.55,1.97,48.94,1.94,28.1,2.25
100,SW,67.06,3.54,67.98,3.24,24.82,1.77,51.88,1.86,30.11,1.63
101,SW,67.59,3.73,68.55,3.19,24.46,1.89,50.06,2.36,27.21,1.77
102,SW,100.27,5.75,107.95,4.86,35.5,3.03,69.54,3.21,39.83,3.28
103,SW,68.5,3.77,71.15,3.34,24.86,1.95,51.44,2.1,30.13,2.37
104,SW,68.15,3.84,72.31,3.42,24.23,1.9,50.26,2.13,29.16,2.05
105,SW,107.76,4.71,110.21,4.12,36.15,3.11,76.18,3.77,49.61,3.35
106,SW,109.7,4.65,109.87,4.04,35.16,3.25,76.8,3.56,47.27,2.98
107,SW,100.69,4.8,101.28,4.13,36.36,3.36,85.62,4.2,52.54,3.03
108,SW,100.08,5.07,100.81,4.04,37.15,3.77,87.55,3.96,52.91,2.82
109,SW,70.04,4.74,61.26,3.97,28.12,2.98,71.11,3.44,40.23,1.91
110,SW,75.95,5.42,66.16,4.16,30.71,3.1,78.94,3.56,44.82,2.22
111,SW,106.23,6.82,104.02,5.07,40.06,4.96,105.34,4.99,57.27,3.2
112,SW,105.19,7.1,96.85,5.43,37.61,4.43,102.04,4.9,54.78,2.83
113,SW,76.49,5.36,69.06,4.02,30.07,3.03,72.41,3.71,43.11,2.08
114,SW,65.66,3.79,61.06,3.35,24.95,2.44,63.76,2.72,40.19,1.89
115,SW,98.73,6.48,91.69,5.31,35.34,4.02,92.36,4.46,50.53,2.69
116,W,157,9,192,7.02,85.6,6.44,227,6.84,175,6.77
117,W,190,11.92,225,8.55,101.75,7.75,240,7.71,175,7
118,W,70.01,3.71,76.9,2.88,49.42,3.08,79.56,3.35,52.74,3.02
119,W,92.93,5.28,110.94,3.87,55.11,4.16,137,4.29,96.37,3.79
120,W,118.52,6.87,134.91,5.06,78.2,5.24,132,5.38,85.28,4.74
121,W,120.26,7.01,132.42,5.4,67,5.35,130.1,5.22,87.53,5.12
122,W,67.63,4.37,60.17,3.73,53.03,4.08,92.18,4.31,54.38,4.14
123,W,57.08,4.28,46.72,3.63,53.64,4.11,89.93,4.23,58.14,4.32
124,W,48.19,3.44,43.71,3.01,50.46,3.6,94.86,3.45,55,4.57
125,W,30.99,2.09,26.14,1.82,32.83,2.09,50.67,1.98,30.8,1.95
126,W,34.17,2.21,27.8,1.97,35.82,2.32,51.77,2.06,33.13,1.93
127,W,37.64,2.2,31.58,1.87,37.69,2.37,57.06,2.19,37.19,2.2
128,W,35.11,2.51,29.18,2.54,23.2,1.81,38.09,1.84,18.33,1.57
129,W,33.37,2.69,30.06,2.51,22.86,1.84,38.3,1.87,19.13,1.54
130,W,34.8,2.44,29.12,2.38,23.16,1.6,35.5,1.51,19.07,1.47
131,W,74.89,5.63,60.54,4.67,45.38,3.3,72.16,3.53,31.94,4.36
132,W,76.71,5.82,61.54,5.2,47.87,3.53,75.24,4.21,35.11,4.47
133,W,45.25,3.5,38.72,3.33,28.6,2.03,46.36,2.39,24.03,1.99
134,W,46.4,3.39,38.6,3.32,29,2.36,49.08,2.49,26.55,2.19
135,W,45.68,3.95,38.98,3.51,29.15,2.44,45.23,2.52,24.64,2.64
136,W,45.18,3.44,38.53,3.15,28.31,2.21,46.93,2.36,25.86,2.12
137,W,50.22,4.31,36.33,3.79,25.7,2.24,46.42,2.1,25.87,1.45
138,W,44.71,3.93,32.87,2.97,20.87,1.76,40.79,1.8,23.42,1.25
139,W,84.92,7.9,63.16,5.78,46.77,3.84,82.87,4.36,37.17,3.23
140,W,88.16,8.15,66.99,6.25,46.55,3.86,83.02,3.99,36.71,3.84
141,W,82.39,4.8,92.5,3.64,47.86,4.05,140,4.26,95.39,3.43
142,W,83.48,5.06,94.46,3.57,49.26,4.04,110,3.8,82,3.45
143,W,27.94,1.93,30.25,1.66,19.55,1.52,35.21,1.38,24.47,1.16
144,W,29.4,2.05,32.56,1.9,20.92,1.46,38.96,1.45,23.98,1.2
145,W,68.92,4.48,75.44,3.97,38.49,3.02,89.16,3.53,67.75,2.84
146,W,67.37,4.34,78.5,4.05,27.53,2.53,45.73,2.53,25.57,2.25
147,W,38.79,2.61,46.6,2.64,18.64,1.54,32.09,1.37,15.8,1.28
148,W,116.72,6.08,133.82,6.32,44.55,3.6,78.04,3.99,48.78,2.72
149,W,138.48,7.54,157,6.72,62.2,5.07,116.09,5.83,72.49,3.94
150,W,111.99,6.33,125.88,5.13,45.67,3.74,84.8,3.93,52.74,3.1
151,W,82.3,4.88,95.09,4.34,37.39,3.02,75.34,3.19,50.06,2.38
152,W,108.44,6.54,120.99,5.55,47.89,4.08,90.24,4.09,60.81,3.05
153,W,138.09,8.08,155.49,7.43,63.14,5.45,125,4.66,75.17,4.11
154,W,129.5,7.52,144,6.4,60.31,4.91,113.44,5.15,70.11,3.57
155,W,100.38,5.52,113.24,5.04,44.72,4.07,82.87,3.69,54.8,3.25
156,W,127.4,6.93,142,6.25,58.44,4.68,107.48,5.2,65.68,3.87
157,W,150,8.05,170,7.36,67.6,5.98,124.92,5.76,78.41,4.33
158,W,70.93,4.27,79.28,3.86,36.88,3.21,72.1,2.83,43.8,2.58
159,W,126.74,6.5,140,5.82,58.42,4.66,105.81,5.09,64.77,3.63
160,W,76.43,4.11,86.79,3.84,,,67.13,2.48,41.65,2.1
161,W,73.15,4.2,81.12,3.72,33.66,2.62,70.39,2.49,43.37,2.37
162,W,84.71,5.3,94.59,4.36,36.17,3.15,69.97,3.03,33.97,2.48
163,W,91.89,4.99,99.31,4.73,40.03,2.93,73.23,2.99,35.88,2.42
164,W,85,5.07,93.17,4.21,38.33,2.57,67.32,2.73,40,2.53
165,W,87.91,5.15,97.67,4.78,38.57,2.92,70.1,2.59,34.21,2.33
166,W,63.48,4.03,77.33,3.65,26.84,2.31,48.82,2.51,22.91,1.7
167,W,80,4.7,111.96,4.87,40.17,3.34,68.89,3.25,33.69,2.7
168,W,50.96,3.32,59.14,3.18,22.68,1.74,37.49,2.06,15.91,1.71
169,W,25.1,1.68,26.11,1.73,17.86,1.33,35.85,1.2,23.44,1.05
170,W,22.39,1.53,24.16,1.29,15.82,1.15,30.31,0.99,18.1,1.01
171,W,22.89,1.55,24.62,1.59,15.71,1.14,34.27,1.06,21.02,1.04
172,W,64.75,4.27,70.13,3.91,41.82,3.23,86.5,3.81,65.24,3.41
173,W,35.97,2.81,39.56,2.5,31.17,2.16,52,2.53,32.14,2.2
174,W,71.35,4.89,80.97,12,42.48,3.21,86.6,3.56,68.49,3.03
175,W,73.44,5.16,83.64,4.06,44.95,3.38,80.76,3.76,58.83,3.05
176,W,33.2,2.11,34.31,2.25,20.36,1.57,37.95,1.42,23.67,1.26
177,W,32.31,2.16,32.74,1.98,19.05,1.4,33.37,1.14,21.2,1
178,W,28.51,1.8,29.35,1.78,17.6,1.21,36.04,1.14,20.81,0.83
179,W,34.12,1.9,35.57,1.93,21.22,1.39,46.24,1.27,31.39,1.05
180,W,87.01,5.18,94.34,4.45,35.73,2.8,67.12,2.93,43.43,2.34
181,T,43.97,4.64,51.07,3.8,38.76,3.18,55.67,2.88,30.41,2.83
182,T,44.58,5.76,52.76,4.84,40.47,3.76,56.42,3.31,31.32,3.34
183,T,20.25,2.35,25.14,1.76,20.17,1.37,27.67,1.41,15.68,1.55
184,T,48.7,5.46,57.39,3.73,42.56,3.07,52.42,2.85,27.23,3.03
185,T,35.74,3.91,39.2,2.93,33.01,2.65,42.8,2.18,24.85,2.34
186,T,37.69,4.18,43.3,3.38,35,2.87,49.15,2.37,26.33,2.51
187,T,31.26,3.6,35.24,2.91,28.62,2.42,39.04,2.32,21.88,2.27
188,T,30.97,3.65,36.47,2.96,28.03,2.21,37.41,1.99,21.11,2.25
189,T,30.31,3.36,34.83,2.49,26.36,2.17,34.16,1.88,18.72,2.03
190,T,32.02,2.99,27.7,2.38,38.27,2.64,53.33,2.71,31,2.45
191,T,32.34,3.17,29.05,2.36,39.64,2.7,55.36,2.51,37.08,2.22
192,T,30.88,3.32,26.93,2.41,38.19,2.82,53.59,2.62,30.02,2.39
193,T,32.11,3.47,28.48,2.62,39.55,3.31,56.16,3,31.74,2.49
194,T,32.61,2.98,28.37,2.49,37.47,2.61,48.92,2.39,28.46,2.34
195,T,34.63,3.1,26.87,2.35,40.87,3.05,53.98,2.79,31.59,2.63
196,T,32.28,3.34,28.79,2.45,38.46,2.82,52.93,2.5,30.97,2.48
197,T,92.82,9.6,100.58,7.57,82.94,7.47,118.24,6.61,69.16,5.66
198,T,55.62,4.79,52.09,4.26,64.8,5.74,86.17,4.76,49.37,4.25
199,T,32.68,3.26,29.02,2.36,39.38,2.72,56.45,2.5,32.56,2.49
200,T,34.24,3.39,30.65,2.63,40.41,2.92,53.77,2.72,32.24,2.67
201,T,118.75,11.9,104.68,4.77,108.85,10.29,183,9.69,134,7.96
202,T,127,13.79,123.27,9.42,117.07,11.64,189,10.03,128.5,8.19
203,T,39.64,4.07,37.32,2.98,45.5,3.42,64.45,3.37,37.77,2.86
204,R,63.76,4.74,,,57.33,4.88,75.67,4.33,60.19,3.82
205,R,57.48,4.74,69.06,4.08,57.56,4.8,80.16,4.25,60.54,3.78
206,R,62.49,4.75,69.66,3.99,57.3,4.6,77.6,4.26,60.31,3.86
207,R,98.08,7.77,113.04,5.76,82.04,7.17,107.47,6.65,,
208,R,54.47,4.37,63.29,3.32,47.83,3.45,64.25,3.15,54.97,2.86
209,R,57.56,4.33,67.15,3.54,55.19,4.21,75.03,3.71,59.33,3.29
210,R,52.88,4.47,62.02,3.76,47.09,3.64,63.42,3.4,54.54,2.9
211,R,110.87,8.26,129.05,6.78,80.8,7.98,112.36,7.18,84.69,7.11
212,R,117.37,9.25,136.52,7,87.49,8.92,119.17,7.89,86.61,7.36
213,R,102.35,7.01,118.67,5.72,78.75,6.89,104.01,6.12,80.1,6.1
214,R,108.37,7.49,129.39,6,82.29,6.74,113.39,6.38,86.05,6.15
215,R,81.39,5.77,94.83,4.8,65.97,5.52,91.63,5.38,73.29,5.11
216,R,83.13,5.8,95.42,4.4,66.98,5.14,90.6,4.95,75.64,4.56
217,R,89.63,6.44,104.11,5.26,72.24,6.32,97.78,5.81,76.76,5.29
218,R,89.05,6.28,102.09,5.37,70.32,5.9,96.12,5.7,75.05,5.12
219,R,98.94,7.13,119.72,5.6,74.17,6.3,106.5,5.8,83.13,5.86
220,R,121.59,8.17,148.52,6.44,89.67,7.63,116.71,6.87,83.28,6.8
221,R,130.06,9.51,155,7.18,94.79,8.64,125.53,7.87,53.83,7.89
222,R,116.41,6.85,131,5.8,75.36,6.55,119.87,6.1,99.72,6.06
223,R,107.06,8.62,129.08,6.48,71.03,6.87,100.06,6.1,68.64,5.87
224,R,120,8.38,130,6.41,89.93,8.46,116.17,7.52,84.18,6.97
225,R,85.45,6.16,99.32,4.81,53.01,4.27,69.15,4.21,37.61,5.47
226,R,83.02,5.95,96.97,4.38,51.87,4.21,66.6,4.06,36.6,5.63
227,R,71.97,6.18,84.68,5.14,63.79,5.43,82.93,4.63,52.71,4.72
228,R,82.58,7.32,97.52,6.19,71.37,6.3,91.66,5.65,56.93,5.99
229,R,45.37,3.72,51.37,3.16,39.02,2.99,53.23,2.68,38.07,2.29
230,R,41.65,3.62,46.01,3.03,38.37,2.85,48.11,2.55,35.49,2.22
231,R,42.46,3.49,47.34,3.27,36.03,2.94,49.17,2.68,34.38,2.25
232,R,145,10.37,188,7.92,77.09,7.75,125.48,7.9,51.99,9.64
233,R,142,9.6,82,7.31,77.96,7.03,124.98,7.05,51.82,8.26
234,R,145,10.31,188,7.85,78.86,7.72,126.54,7.13,53.64,8.88
235,R,57.41,3.82,70.39,3.08,39.7,3.37,66.58,3.33,46.81,2.78
236,R,50.78,3.15,62.89,2.69,36.32,2.84,62.53,2.75,44.08,2.61
237,R,119.12,7.57,137.37,6.06,75.53,6.35,115.02,6.22,60.99,7.91
238,R,117.43,7.13,136.26,5.51,75.54,5.85,115.3,5.45,59.45,8.25
239,R,116.85,7.43,134.8,6.19,73.51,6.1,112.66,5.94,61.25,6.9
240,R,119.58,8.04,138.39,6.25,76.36,6.5,115.9,6.07,59.9,6.92
241,R,126.88,8.01,148.47,6.59,81.42,6.71,124.05,6.58,64.57,7.97
242,R,47.16,2.82,55.41,2.37,34.58,2.47,53.22,2.29,33.77,2.51
243,R,44.91,2.54,48.45,2.14,34.87,2.48,50.87,2.27,29.8,2.7
244,R,61.6,3.42,66.26,2.59,37.04,2.84,63.03,2.87,44.51,2.43
245,R,94.03,5.88,104.09,4.32,56.76,4.98,96.6,4.87,68.65,4.4
246,R,90.13,5.92,104.28,4.4,54.55,4.65,94.99,4.42,67.55,4.14
247,R,100.29,6.33,112.19,4.69,59.71,4.94,102.54,5.33,71.03,4.95
248,R,96.46,5.71,111.85,4.2,59.82,4.65,99.16,4.56,73.95,4.29
249,R,93.37,5.33,102.65,3.9,58.55,4.62,101.24,4.57,71.3,4.38
250,R,99.69,6.09,111,4.26,60.84,4.75,104.72,4.92,71.23,4.21
251,R,34.84,2.44,40.68,2.04,38.43,2.54,42.48,2.45,20.07,3.15
252,R,33.12,2.4,39.85,1.8,27.46,2.19,38.99,2.15,19.1,2.89
253,R,35.63,2.4,42.67,2.02,28.51,2.41,42.64,2.46,21.05,3.12
254,P,29.26,2.66,27.63,2.23,27.87,2.03,38.9,1.81,25.22,1.62
255,P,30.6,2.45,25.9,1.87,32.36,2.1,50.25,1.88,33.58,1.88
256,P,30.25,2.29,25.14,1.87,31.61,2.18,50.98,2,33.5,1.93
257,P,42.52,2.99,36.73,2.91,52.24,3.81,81.57,3.71,61.27,2.71
258,P,45.6,3.35,38.73,3.52,54.45,4.1,83.59,3.72,63.91,2.67
259,P,43.97,3.54,38.38,3.14,52.49,4.25,83.15,4.12,61.08,3.04
260,P,46.38,3.41,39.8,3.48,54.67,4.08,85.88,4.04,63.75,3.09
261,P,45.57,4.64,57.13,2.93,28.32,2.26,36.95,1.96,19.75,2.16
262,P,33.81,2.8,42.82,2.22,18.88,1.45,26.28,1.31,14.45,1.29
263,P,31.72,2.64,40,1.99,20.36,1.59,32.21,1.62,17.72,1.52
264,P,9.85,2.88,14.73,1.73,16.27,1.22,20.89,1.25,7.77,1.23
265,P,44.47,4.24,55.77,3.43,38.57,3.06,52.8,2.82,18.57,3.6
266,P,18.46,1.79,21.12,1.47,18.83,1.21,26.33,1.05,11.41,1.56
267,P,18.55,2.12,21.08,1.41,18.19,1.3,25.97,1.17,11.26,1.57
268,P,27.57,2.67,31.6,2.12,18.92,1.52,30.42,1.58,12.46,1.46
269,P,27.07,2.66,31.95,1.87,18.8,1.51,26.38,1.33,12.52,1.16
270,P,26.92,2.73,31.54,2.01,19.1,1.59,26.68,1.35,13.21,1.23
271,P,49.12,3.59,60.95,2.99,26.35,2,37.29,1.81,10.39,2.03
272,P,48.8,3.78,59.47,3.17,26.14,2.24,36.01,1.63,11.65,2
273,P,47.17,3.96,56.57,2.87,33.6,2.68,50.66,2.49,32.03,2.06
274,P,37.86,3.24,46.72,2.63,27.52,2.26,42.49,1.89,26.88,1.54
275,P,39.98,3.34,47.5,2.64,28.57,2.53,42.96,2.2,27.66,1.67
276,P,44.18,3.88,50.72,3.49,39.58,3.9,50.89,3.61,35.14,2.82
277,P,41.36,3.52,49.34,2.83,30.97,2.46,44.31,2.43,29.97,2.05
278,P,41.66,3.56,48.82,2.8,31.94,2.52,46.19,2.31,30.73,1.95
279,P,31.28,2.83,36.88,2.2,22.3,2.1,32.6,1.68,20.47,1.54
280,P,34.07,3.26,41.34,2.62,24.25,2.3,36.35,2.13,24.69,2.12
281,P,33.79,3.04,42.13,2.56,23.09,2.21,34.74,2.07,22.12,1.78
282,P,34.15,2.98,40.67,2.45,24.72,1.98,37.35,1.93,23.49,1.67
283,P,36.88,3.18,46.28,2.77,26.08,2.19,39.44,2.03,25.6,1.98
284,P,28.55,2.65,33.74,2.38,19.56,1.98,29.21,1.64,18.75,1.53
285,P,30.51,2.69,35.33,2.29,21.9,2.04,32.26,1.65,22.52,1.43
286,P,29.81,2.59,35.05,2.28,21.48,2.11,31.89,1.84,21.67,1.52
287,P,27.72,2.67,32,2.21,22.68,2.13,32.5,1.76,19.65,1.64
288,P,29.14,2.75,32.91,2.16,23.13,2.11,33.89,1.8,20.86,1.7
289,P,27.85,2.65,32.62,2.05,22.84,2.14,33.62,1.91,20.82,1.8
290,P,20.06,1.73,23.15,1.49,16.63,1.57,24.71,1.29,15.19,1.24
291,P,41.6,3.74,56.5,3.02,37,2.99,62.9,2.82,38.21,2.51
292,SO,29.61,2.41,33.93,2.02,30.79,2.19,51.64,2.01,37.33,1.78
293,SO,30.28,2.89,35.37,2.15,31.09,2.51,53.36,2.31,39.52,1.69
294,SO,28.1,2.44,32.5,2.19,29.68,2.33,50.47,2.21,37.98,1.79
295,SO,28.66,2.48,33.24,2.02,29.33,2.26,50.64,2.05,35.99,1.85
296,SO,36.36,3.31,40.51,2.56,37.52,2.85,53.96,2.63,42.71,2.41
297,SO,37.05,3.48,41.41,2.91,37.37,3.14,61.65,2.89,44.72,2.24
298,SO,41.19,3.78,43.24,2.91,39.61,3.15,64.68,2.99,46.74,2.54
299,SO,37.71,3.55,42.47,2.89,38.12,3.13,62.45,3.06,46.41,2.42
300,SO,38.66,3.83,43.71,3.02,40.05,3.51,64.97,2.95,47.69,2.57
301,SO,21.07,2,25.36,1.7,17.66,1.72,26.28,1.35,19.43,1.36
302,SO,21.46,1.97,25.44,1.73,17.77,1.71,27.01,1.56,19.06,1.26
303,SO,22.13,2.1,26.53,1.78,17.83,1.63,26.12,1.52,18.74,1.2
304,SO,21.82,2,26.73,1.77,17.53,1.59,25.82,1.39,18.79,1.37
305,SO,16.5,1.46,19.44,1.42,15.58,1.21,26.21,1.17,18.45,1.14
306,SO,15.97,1.47,19.91,1.32,15.11,1.24,25.99,1.14,18.36,1.4
307,SO,17.13,1.49,20.38,1.33,15.24,1.16,27.96,1.2,20.1,1.24
308,SO,15.46,1.46,19.12,1.36,14.75,1.18,26.25,1.22,17.9,1.12
309,SO,21.68,1.93,24.84,1.86,20.85,1.78,35.22,1.57,24.11,1.51
310,SO,22.14,1.91,25.71,1.74,20.6,1.67,35.44,1.42,23.86,1.92
311,SO,22.26,1.77,24.58,1.67,21.28,1.68,36.06,1.43,24.14,1.41
312,SO,25.4,1.84,24.18,1.73,24.02,1.94,38.97,1.54,27.26,1.48
313,SO,24.43,2.08,25.98,1.84,23.77,1.78,39.14,1.9,27.92,1.48
314,SO,20.36,1.91,21.92,1.54,21.56,1.81,36.81,1.56,26.31,1.27
315,SO,21.31,2.24,26.66,1.87,18.99,1.64,30.64,1.43,20.76,1.18
316,SO,20.97,2.16,26.27,1.85,18.89,1.36,31.01,1.23,20.28,1.11
317,SO,21.04,2.12,26.27,1.81,18.54,1.39,29.5,1.39,19.9,1.11
318,SO,25.36,2.36,28.04,1.68,22.76,1.77,35.58,1.42,24.61,1.63
319,SO,23.88,2.4,29.16,1.74,22.84,2.02,37.24,1.54,26.15,1.32
320,SO,24.56,2.25,28.53,1.94,23.13,1.86,38.27,1.62,26.68,1.95
321,SO,24.03,2.37,29.26,1.94,22.58,1.88,37.13,1.73,25.39,1.43
322,SO,18.12,1.61,22.32,1.38,16.42,1.13,26.64,1.1,17.74,0.98
323,SO,18.69,1.75,22.76,1.57,16.75,1.3,26.6,1.05,18,0.92
324,SO,18.94,1.83,22.95,1.69,17.25,1.25,28.59,1.16,18.86,0.97
325,SO,27.9,2.51,31.56,2.07,24.08,2.28,45.9,2.09,34.98,1.6
326,SO,26.49,2.38,30.38,2.04,22.99,2.14,42.19,1.87,33.71,1.46
327,SO,26.75,2.39,30.48,1.97,23.11,2.08,44.2,1.79,34.47,1.58
328,SO,27.06,2.5,30.28,2.1,23.96,2.24,46.02,1.76,33.91,1.76
329,SO,19,1.68,24,1.45,14.86,1.23,27.19,1.01,20.05,0.86
330,SO,19.34,1.69,24.89,1.51,15.29,1.28,28.63,1.22,21.95,0.94
331,SO,20.19,1.85,26.41,1.53,15.71,1.29,29.66,1.15,21.9,1.05
332,SO,21.85,2.06,25.9,1.75,20.86,1.72,34.26,1.43,23.25,1.18
333,SO,20.8,1.95,23.44,1.6,20.67,1.45,35.52,1.45,25.41,1.36
334,SO,20.62,1.87,23.45,1.75,20.96,1.68,34.64,1.76,24.8,1.46
335,SO,22.35,2.01,25.13,1.85,21.98,1.69,36.5,1.71,26.42,1.52
336,SO,26.23,2.3,30.53,2.15,24.85,1.96,41.33,1.71,29.01,1.77
337,SO,26.32,2.34,30.17,2.18,24.74,1.91,41.6,1.77,28.98,1.88
338,SO,25.57,2.18,29.05,2.15,25.24,1.91,40.9,1.83,28.05,2
339,SO,24.67,1.9,27.06,2.1,24.7,1.86,39.72,1.99,27.22,1.7
340,SO,30.26,2.54,34.8,2.09,29.66,2.2,48.67,2.16,34.77,2
341,SO,29.38,2.44,29.84,2.44,28.95,2.13,47.18,2.19,31.46,1.88
342,SO,,,,,32.54,2.65,55.06,2.81,38.94,2.25
343,SO,30.1,2.49,34.69,2.26,28.74,2.08,49.08,2.1,36.09,1.88
344,SO,31.14,2.87,37.34,2.81,28.44,2.31,48.65,2.3,33.98,1.97
345,SO,32.08,2.7,38.3,2.63,28.76,2.21,49.85,1.99,35.29,1.73
346,SO,32.31,3,39.03,2.73,29.51,2.39,51.04,2.4,36.11,2.03
347,SO,23.99,2.19,28.88,1.96,23.16,1.75,38.98,1.83,27.21,1.43
348,SO,22.25,1.92,25.93,1.61,22.15,1.66,38.48,1.46,26.74,1.23
349,SO,21.88,2.02,25.45,1.68,21.64,1.73,37.26,1.38,26,1.24
350,SO,26.71,2.32,31.71,1.9,25.11,2.23,47.91,2.08,48.35,1.95
351,SO,29.18,2.39,34.32,2.04,27.66,2.09,49.66,1.96,36.26,1.7
352,SO,25.78,2.21,28.16,1.84,23.29,1.75,42.34,1.58,30.39,1.34
353,SO,26.09,2.17,28.99,1.77,27.74,2.15,46.64,2.04,32.85,1.81
354,SO,28.14,2.35,30.63,1.86,28.49,2.18,49.07,2.07,34.64,1.78
355,SO,18.68,1.62,24.78,1.4,16.16,1.12,29.67,1.06,22.09,0.78
356,SO,18.3,1.69,22.97,1.48,18.16,1.5,36.39,1.24,27.46,0.98
357,SO,20.64,1.97,26.1,1.61,20.61,1.56,40.19,1.47,30.63,1.22
358,SO,19.4,1.88,25.08,1.57,18.89,1.52,36.89,1.31,29.86,1.04
359,SO,17.32,1.83,24.34,1.36,18.36,1.2,37.26,1.3,25.03,1.05
360,SO,21.38,1.87,27.42,1.7,20.67,1.54,37.88,1.33,28.55,1.08
361,SO,20.08,2.07,25.78,1.81,20.43,1.62,38.3,1.35,30.25,1.09
362,SO,20.1,1.89,25.57,1.8,20.42,1.65,37.05,1.42,28.62,0.96
363,SO,19.96,1.88,25.19,1.66,19.53,1.48,36.65,1.4,27.65,1.11
364,SO,30.21,2.97,37.31,2.58,27.71,2,47.98,1.98,33.79,1.61
365,SO,29.52,2.92,37.47,2.37,28.22,2.25,47.49,1.98,34.6,1.63
366,SO,16.93,1.52,19.49,1.12,15.81,1.19,28.89,1.08,21.41,0.92
367,SO,13.31,1.17,16.47,1.06,12.32,0.93,22.47,0.95,15.97,0.75
368,SO,15.24,1.4,18.37,1.13,13.75,1.05,25.57,0.91,19.1,0.86
369,SO,13.48,1.27,16,1,12.67,1.1,23.12,0.88,16.34,0.89
370,SO,13.38,1.14,16.51,1.23,12.48,1.12,24.91,0.92,17.55,0.88
371,SO,13.67,1.27,17.52,1.08,12.77,1.16,25.47,0.98,18.15,1.28
372,SO,14.51,1.49,18.79,1.12,14.07,1.01,25.85,1,18.38,0.8
373,SO,14.62,1.39,19.23,1.12,14.13,0.97,26.11,1.03,18.23,0.73
374,SO,14.88,1.49,19.55,1.15,13.69,0.98,25.54,0.91,18.15,0.69
375,SO,14.61,1.37,20.3,1.23,14.28,1.04,25.09,0.88,17.39,0.79
376,SO,13.52,1.28,17.88,1.07,15.1,1.05,25.14,1.23,17.81,0.69
377,SO,12.69,1.69,17.44,1.16,11.83,1.03,23.8,0.87,16.97,0.66
378,SO,20.1,1.86,,1.52,17.21,1.22,,,18.46,0.91
379,SO,22.26,1.94,27.69,1.71,17.27,1.28,27.29,1.26,17.49,1.02
380,SO,24.84,2.32,28.88,2.01,25.65,2.01,40.2,1.83,26.66,1.65
381,SO,23.52,2.16,29.33,1.72,20.59,1.49,32.45,1.13,19.33,1
382,SO,22.55,2.27,28.3,1.76,19.89,1.52,30.95,1.39,18.68,1.06
383,SO,23.94,2.45,27.86,1.95,24.02,1.87,35.62,1.86,22.99,1.43
384,SO,48.2,4.08,61.94,3.75,40.11,3.1,62.09,3.21,37.26,2.46
385,SO,24.28,2.16,30.29,1.91,20.32,1.62,29.29,1.47,24.48,1.39
386,SO,25.24,2.42,32.13,2.1,21.14,1.69,29.58,1.57,25.49,1.42
387,SO,23.9,2.32,28.83,1.67,21.18,1.85,33.11,1.61,23.02,1.33
388,SO,23.82,2.19,29.6,1.88,20.35,1.56,28.54,1.54,23.38,1.26
389,SO,19.63,1.76,23.58,1.33,18.85,1.54,33.1,1.34,24.09,1.14
390,SO,20.43,1.59,22.68,1.39,20,1.54,35.63,1.33,25.57,1.57
391,SO,22.19,1.86,24.93,1.52,24.14,1.78,40.17,1.73,29.61,1.43
392,SO,23.27,2,24.8,1.83,26.04,1.79,41.91,1.67,29.76,1.39
393,SO,18.97,1.58,21.26,1.4,21.5,1.55,36.52,1.52,25.04,1.47
394,SO,15.99,1.35,18.32,1.13,15.84,1.19,30.05,1.23,22.94,1.08
395,SO,15.62,1.28,18.52,1.06,15.75,1.17,28.63,1.03,21.39,0.88
396,SO,16.51,1.47,20.56,1.43,15.88,1.27,,1.19,17.63,1.02
397,SO,16.8,1.58,19.77,1.39,16.86,1.29,29.75,1.18,21.77,1.04
398,SO,15.55,1.48,18.93,1.3,17.58,1.23,31.65,1.14,24.12,0.98
399,SO,23.32,2.06,27.9,1.84,22.49,1.66,34.77,1.42,23.05,1.18
400,SO,20.41,1.82,22.66,1.71,18.14,1.52,29.3,1.21,20.29,1.15
401,SO,21.53,1.91,25.3,1.67,20.8,1.65,34.08,1.33,23.86,1.27
402,SO,22.84,2.21,27.7,2.06,22.13,1.72,34.6,1.69,25.08,1.39
403,SO,20.95,1.89,24.12,1.66,21.24,1.84,36.71,1.53,25.99,1.23
404,SO,20.36,1.87,22.19,1.6,,1.77,37.47,1.64,25.54,1.34
405,SO,17.3,1.68,20.43,1.33,15.51,1.15,25.96,0.88,17.41,0.81
406,SO,16.86,1.58,20.72,1.36,14.92,1.13,24.56,0.98,16.76,0.81
407,SO,15.7,1.42,18.58,1.2,15.22,1.08,25.39,0.92,16.88,0.74
408,SO,19.54,1.86,23.35,1.47,18.34,1.46,29.05,1.35,19.68,1.08
409,SO,23.27,2.15,27.62,2.16,21.86,1.64,35.55,1.51,23.23,1.32
410,SO,23.04,2.15,28.29,1.94,21.46,1.67,33.41,1.42,22.48,1.27
411,SO,21.21,1.88,23.35,1.62,21.97,1.55,35.02,1.4,22.35,1.24
412,SO,21.92,1.8,25.73,1.49,19.98,1.35,30.47,1.36,20.11,1.25
413,SO,12.95,1.16,14.09,1.03,13.03,1.03,22.13,0.96,15.19,1.02
414,SO,13.63,1.16,15.22,1.06,13.75,0.99,23.13,0.96,15.62,1.01
415,SO,17.96,1.63,19.25,1.33,18.36,1.54,31.25,1.33,21.99,1.15
416,SO,19.21,1.64,20.76,1.49,19.24,1.45,33.21,1.28,23.6,1.15
417,SO,18.79,1.63,19.83,1.53,20.96,1.43,34.45,1.41,22.86,1.21
418,SO,20.38,1.78,22.53,1.5,21.35,1.48,36.09,1.53,25.98,1.24
419,SO,17.89,1.44,19.26,1.1,17.62,1.34,29.81,1.24,21.69,1.05
